feature,importance
gdp_per_capita,0.7769735826263338
smoking,0.075201487261855
health_expenditure,0.05996958274530867
air_pollution,0.050395214679605435
obesity,0.037460132686896984
