feature,importance
gdp_per_capita,0.6372328545717816
health_expenditure_per_capita,0.19533136917986077
smoking,0.07783990218708264
air_pollution,0.052812946081638314
obesity,0.036782927979636754
