Feature,Importance
gdp_per_capita,0.7833675489206062
smoking,0.09180174933523252
health_expenditure,0.07773923770941929
obesity,0.04709146403474195
